{
  "dq_baseline": {
    "experiment": "baseline",
    "status": "ok",
    "elapsed": 956.3220520019531,
    "val_losses": [
      2.4531,
      2.0312,
      1.8906,
      1.8203,
      1.7812,
      1.75,
      1.7266,
      1.7109,
      1.7031,
      1.6484
    ],
    "move_accs": [
      0.3262,
      0.3946,
      0.4284,
      0.4427,
      0.4531,
      0.4612,
      0.4687,
      0.4732,
      0.4744,
      0.4898
    ],
    "bits_per_move": [
      3.7031,
      3.0,
      2.7656,
      2.6406,
      2.5625,
      2.5156,
      2.4844,
      2.4531,
      2.4375,
      2.3438
    ],
    "final_val_loss": 1.6484,
    "final_move_acc": 0.4898,
    "final_bits_per_move": 2.3438,
    "final_train_loss": 1.6309,
    "params": "38.97M"
  },
  "dq_no_short": {
    "experiment": "no_short",
    "status": "ok",
    "elapsed": 918.4435966014862,
    "val_losses": [
      2.4219,
      2.0156,
      1.8828,
      1.8203,
      1.7812,
      1.75,
      1.7344,
      1.7109,
      1.6953,
      1.6484
    ],
    "move_accs": [
      0.3304,
      0.4008,
      0.4305,
      0.4429,
      0.4554,
      0.4615,
      0.4681,
      0.4719,
      0.4752,
      0.4904
    ],
    "bits_per_move": [
      3.6562,
      2.9531,
      2.7344,
      2.625,
      2.5625,
      2.5156,
      2.4844,
      2.4531,
      2.4375,
      2.3438
    ],
    "final_val_loss": 1.6484,
    "final_move_acc": 0.4904,
    "final_bits_per_move": 2.3438,
    "final_train_loss": 1.6191,
    "params": "38.97M"
  },
  "dq_high_elo": {
    "experiment": "high_elo",
    "status": "ok",
    "elapsed": 896.3340103626251,
    "val_losses": [
      2.5625,
      2.1719,
      2.0469,
      1.9844,
      1.9453,
      1.9297,
      1.9062,
      1.9062,
      1.9062,
      1.875
    ],
    "move_accs": [
      0.3193,
      0.3941,
      0.4202,
      0.4385,
      0.4434,
      0.4531,
      0.4598,
      0.4637,
      0.4687,
      0.4787
    ],
    "bits_per_move": [
      3.7344,
      3.0156,
      2.8125,
      2.7188,
      2.6562,
      2.5938,
      2.5625,
      2.5312,
      2.5312,
      2.4531
    ],
    "final_val_loss": 1.875,
    "final_move_acc": 0.4787,
    "final_bits_per_move": 2.4531,
    "final_train_loss": 1.5469,
    "params": "38.97M"
  }
}