{
  "r4_baseline": {
    "experiment": "baseline",
    "status": "ok",
    "elapsed": 1824.291510105133,
    "val_losses": [
      2.4375,
      2.0,
      1.8672,
      1.7969,
      1.75,
      1.7188,
      1.7031,
      1.6797,
      1.6641,
      1.6562,
      1.6406,
      1.6328,
      1.6328,
      1.6172,
      1.6172,
      1.6094,
      1.6094,
      1.6016,
      1.5859,
      1.5625
    ],
    "move_accs": [
      0.325,
      0.3968,
      0.4263,
      0.4432,
      0.4523,
      0.4611,
      0.467,
      0.4737,
      0.4757,
      0.4806,
      0.4829,
      0.4832,
      0.4843,
      0.4876,
      0.4893,
      0.4914,
      0.4921,
      0.494,
      0.4975,
      0.5066
    ],
    "bits_per_move": [
      3.7188,
      2.9688,
      2.7656,
      2.6406,
      2.5625,
      2.5312,
      2.4844,
      2.4531,
      2.4375,
      2.4062,
      2.3906,
      2.375,
      2.3594,
      2.3594,
      2.3438,
      2.3281,
      2.3281,
      2.3281,
      2.2969,
      2.25
    ],
    "final_val_loss": 1.5625,
    "final_move_acc": 0.5066,
    "final_bits_per_move": 2.25,
    "final_train_loss": 1.5566,
    "params": "38.97M"
  },
  "r4_mixed_engine": {
    "experiment": "mixed_engine",
    "status": "ok",
    "elapsed": 1895.9542815685272,
    "val_losses": [
      2.4531,
      2.0,
      1.8672,
      1.7969,
      1.75,
      1.7188,
      1.6953,
      1.6797,
      1.6641,
      1.6484,
      1.6406,
      1.6328,
      1.625,
      1.6172,
      1.6172,
      1.6094,
      1.6016,
      1.5938,
      1.582,
      1.5547
    ],
    "move_accs": [
      0.3223,
      0.3979,
      0.4271,
      0.4445,
      0.4535,
      0.4634,
      0.4689,
      0.4716,
      0.4778,
      0.4811,
      0.4842,
      0.4852,
      0.488,
      0.4898,
      0.4909,
      0.4934,
      0.4941,
      0.4932,
      0.5008,
      0.5093
    ],
    "bits_per_move": [
      3.7344,
      3.0,
      2.7656,
      2.6562,
      2.5625,
      2.5312,
      2.4844,
      2.4531,
      2.4219,
      2.4062,
      2.3906,
      2.375,
      2.3594,
      2.3594,
      2.3438,
      2.3281,
      2.3281,
      2.3125,
      2.2812,
      2.25
    ],
    "final_val_loss": 1.5547,
    "final_move_acc": 0.5093,
    "final_bits_per_move": 2.25,
    "final_train_loss": 1.5547,
    "params": "38.97M"
  }
}