{
  "tcec_pretrain": {
    "status": "ok",
    "elapsed": 205.24735307693481,
    "val_losses": [
      6.2188,
      4.4062,
      4.5938,
      6.5938,
      8.75
    ],
    "move_accs": [
      0.0566,
      0.1506,
      0.1574,
      0.1445,
      0.1493
    ],
    "bits_per_move": [
      9.625,
      6.8125,
      7.0938,
      10.1875,
      13.5
    ],
    "final_val_loss": 8.75,
    "final_move_acc": 0.1493,
    "final_bits_per_move": 13.5,
    "final_train_loss": 0.1016,
    "params": "38.97M"
  },
  "r5_baseline": {
    "experiment": "baseline",
    "status": "ok",
    "elapsed": 2707.090023756027,
    "val_losses": [
      2.4531,
      2.0,
      1.8672,
      1.7969,
      1.75,
      1.7188,
      1.7031,
      1.6797,
      1.6641,
      1.6562,
      1.6484,
      1.6406,
      1.6328,
      1.625,
      1.6172,
      1.6094,
      1.6094,
      1.6016,
      1.5859,
      1.5625
    ],
    "move_accs": [
      0.3225,
      0.396,
      0.4266,
      0.4447,
      0.4543,
      0.4618,
      0.4667,
      0.4723,
      0.4758,
      0.4797,
      0.4821,
      0.4841,
      0.4846,
      0.4888,
      0.4882,
      0.4934,
      0.4909,
      0.4948,
      0.4979,
      0.5049
    ],
    "bits_per_move": [
      3.7656,
      3.0,
      2.7656,
      2.6406,
      2.5625,
      2.5312,
      2.5,
      2.4531,
      2.4375,
      2.4062,
      2.4062,
      2.375,
      2.3594,
      2.3594,
      2.3594,
      2.3281,
      2.3438,
      2.3281,
      2.2969,
      2.25
    ],
    "final_val_loss": 1.5625,
    "final_move_acc": 0.5049,
    "final_bits_per_move": 2.25,
    "final_train_loss": 1.5586,
    "params": "38.97M"
  },
  "r5_mixed_engine": {
    "experiment": "mixed_engine",
    "status": "ok",
    "elapsed": 2473.4352810382843,
    "val_losses": [
      2.4375,
      2.0156,
      1.875,
      1.8047,
      1.75,
      1.7266,
      1.7031,
      1.6875,
      1.6719,
      1.6562,
      1.6484,
      1.6406,
      1.6328,
      1.625,
      1.6172,
      1.6094,
      1.6094,
      1.6016,
      1.5859,
      1.5625
    ],
    "move_accs": [
      0.3247,
      0.3932,
      0.4268,
      0.4416,
      0.4526,
      0.4595,
      0.465,
      0.4704,
      0.4755,
      0.4805,
      0.4795,
      0.4823,
      0.4852,
      0.4867,
      0.4892,
      0.4915,
      0.4911,
      0.4932,
      0.4976,
      0.5046
    ],
    "bits_per_move": [
      3.7344,
      3.0,
      2.7656,
      2.6562,
      2.5625,
      2.5312,
      2.4844,
      2.4531,
      2.4375,
      2.4062,
      2.4062,
      2.3906,
      2.3594,
      2.3594,
      2.3594,
      2.3438,
      2.3281,
      2.3281,
      2.2969,
      2.25
    ],
    "final_val_loss": 1.5625,
    "final_move_acc": 0.5046,
    "final_bits_per_move": 2.25,
    "final_train_loss": 1.5586,
    "params": "38.97M"
  },
  "r5_tcec_then_human": {
    "experiment": "tcec_then_human",
    "status": "failed",
    "elapsed": 12.790695190429688
  }
}