{
  "lr_baseline_lr025": {
    "schedule": {
      "type": "warmup_stable_decay",
      "warmup_steps": 50,
      "stable_steps": 3606,
      "decay_steps": 406,
      "max_lr": 0.025,
      "min_lr": 0.00025
    },
    "status": "ok",
    "elapsed": 1989.093836069107,
    "val_losses": [
      3.5469,
      2.375,
      2.0312,
      1.8906,
      1.8047,
      1.7656,
      1.7266,
      1.6953,
      1.6719,
      1.6719,
      1.6484,
      1.6328,
      1.625,
      1.6172,
      1.6094,
      1.6016,
      1.6016,
      1.5859,
      1.5781,
      1.5469
    ],
    "move_accs": [
      0.2222,
      0.3381,
      0.3911,
      0.4224,
      0.4415,
      0.4542,
      0.4599,
      0.4698,
      0.4718,
      0.4761,
      0.4809,
      0.4846,
      0.4885,
      0.4884,
      0.4913,
      0.4962,
      0.4953,
      0.4967,
      0.5021,
      0.5087
    ],
    "final_val_loss": 1.5469,
    "final_move_acc": 0.5087,
    "final_train_loss": 1.5527,
    "params": "57.11M"
  },
  "lr_lr_035": {
    "schedule": {
      "type": "warmup_stable_decay",
      "warmup_steps": 50,
      "stable_steps": 3606,
      "decay_steps": 406,
      "max_lr": 0.035,
      "min_lr": 0.00035000000000000005
    },
    "status": "ok",
    "elapsed": 2009.1132130622864,
    "val_losses": [
      3.5781,
      2.3125,
      2.0,
      1.8594,
      1.7812,
      1.7422,
      1.7109,
      1.6797,
      1.6641,
      1.6484,
      1.6328,
      1.625,
      1.6172,
      1.6094,
      1.6016,
      1.5938,
      1.5938,
      1.5859,
      1.5703,
      1.5469
    ],
    "move_accs": [
      0.2185,
      0.3421,
      0.3985,
      0.4287,
      0.4474,
      0.4566,
      0.4667,
      0.4734,
      0.4761,
      0.4813,
      0.4853,
      0.4889,
      0.489,
      0.4931,
      0.4942,
      0.4961,
      0.4967,
      0.4995,
      0.5021,
      0.5095
    ],
    "final_val_loss": 1.5469,
    "final_move_acc": 0.5095,
    "final_train_loss": 1.5527,
    "params": "57.11M"
  },
  "lr_lr_015": {
    "schedule": {
      "type": "warmup_stable_decay",
      "warmup_steps": 50,
      "stable_steps": 3606,
      "decay_steps": 406,
      "max_lr": 0.015,
      "min_lr": 0.00015
    },
    "status": "ok",
    "elapsed": 1966.430834054947,
    "val_losses": [
      3.7188,
      2.6094,
      2.2188,
      2.0312,
      1.9375,
      1.8594,
      1.8047,
      1.7734,
      1.7422,
      1.7188,
      1.6953,
      1.6797,
      1.6719,
      1.6562,
      1.6484,
      1.6328,
      1.6328,
      1.625,
      1.6016,
      1.5781
    ],
    "move_accs": [
      0.2121,
      0.3072,
      0.358,
      0.3912,
      0.4117,
      0.4279,
      0.4402,
      0.4495,
      0.4588,
      0.4649,
      0.4704,
      0.474,
      0.4766,
      0.4807,
      0.4843,
      0.4851,
      0.4867,
      0.4869,
      0.4949,
      0.5023
    ],
    "final_val_loss": 1.5781,
    "final_move_acc": 0.5023,
    "final_train_loss": 1.5801,
    "params": "57.11M"
  }
}