{
  "scale_1e17_5M": {
    "compute_budget": "1e17",
    "model_size": "5M",
    "target_tokens": 2130000000.0,
    "actual_tokens": 2129657856,
    "flops": 6.388973568e+16,
    "config": {
      "hidden_size": 256,
      "num_layers": 6,
      "lr": 0.03,
      "steps": 4062,
      "batch_tokens": 524288
    },
    "status": "ok",
    "elapsed": 348.6831908226013,
    "val_losses": [
      2.6875,
      2.25,
      2.1094,
      2.0469,
      2.0,
      1.9609,
      1.9375,
      1.9141,
      1.8984,
      1.8438
    ],
    "move_accs": [
      0.2937,
      0.349,
      0.3724,
      0.3882,
      0.3961,
      0.403,
      0.4085,
      0.4128,
      0.4163,
      0.4292
    ],
    "final_val_loss": 1.8438,
    "final_move_acc": 0.4292,
    "final_train_loss": 1.8516,
    "throughput_tps": 18180.0,
    "params": "5.32M"
  },
  "scale_1e17_15M": {
    "compute_budget": "1e17",
    "model_size": "15M",
    "target_tokens": 1100000000.0,
    "actual_tokens": 1099956224,
    "flops": 9.899606016e+16,
    "config": {
      "hidden_size": 384,
      "num_layers": 8,
      "lr": 0.03,
      "steps": 2098,
      "batch_tokens": 524288
    },
    "status": "ok",
    "elapsed": 348.56697940826416,
    "val_losses": [
      3.2969,
      2.4062,
      2.1406,
      2.0156,
      1.9297,
      1.875,
      1.8438,
      1.8125,
      1.7969,
      1.7344
    ],
    "move_accs": [
      0.2412,
      0.3292,
      0.3715,
      0.3945,
      0.4134,
      0.4221,
      0.431,
      0.4386,
      0.4419,
      0.4594
    ],
    "final_val_loss": 1.7344,
    "final_move_acc": 0.4594,
    "final_train_loss": 1.7344,
    "throughput_tps": 21110.0,
    "params": "15.07M"
  },
  "scale_1e17_40M": {
    "compute_budget": "1e17",
    "model_size": "40M",
    "target_tokens": 420000000.0,
    "actual_tokens": 419954688,
    "flops": 1.0078912512e+17,
    "config": {
      "hidden_size": 512,
      "num_layers": 12,
      "lr": 0.029336,
      "steps": 801,
      "batch_tokens": 524288
    },
    "status": "ok",
    "elapsed": 289.2973372936249,
    "val_losses": [
      7.2812,
      4.2188,
      3.1406,
      2.6406,
      2.375,
      2.2031,
      2.0938,
      2.0156,
      1.9609,
      1.8594
    ],
    "move_accs": [
      0.0603,
      0.1766,
      0.25,
      0.2996,
      0.3373,
      0.3593,
      0.3813,
      0.3953,
      0.4045,
      0.4318
    ],
    "final_val_loss": 1.8594,
    "final_move_acc": 0.4318,
    "final_train_loss": 1.8643,
    "throughput_tps": 32750.0,
    "params": "38.97M"
  },
  "scale_1e17_100M": {
    "compute_budget": "1e17",
    "model_size": "100M",
    "target_tokens": 170000000.0,
    "actual_tokens": 169869312,
    "flops": 1.019215872e+17,
    "config": {
      "hidden_size": 768,
      "num_layers": 12,
      "lr": 0.018554,
      "steps": 324,
      "batch_tokens": 524288
    },
    "status": "ok",
    "elapsed": 252.2440915107727,
    "val_losses": [
      24.0,
      8.75,
      5.125,
      4.125,
      3.4375,
      2.9688
    ],
    "move_accs": [
      0.0159,
      0.0435,
      0.1193,
      0.175,
      0.2298,
      0.274
    ],
    "final_val_loss": 2.9688,
    "final_move_acc": 0.274,
    "final_train_loss": 2.8809,
    "throughput_tps": 884010.0,
    "params": "86.76M"
  },
  "scale_3e17_15M": {
    "compute_budget": "3e17",
    "model_size": "15M",
    "target_tokens": 2130000000.0,
    "actual_tokens": 2129657856,
    "flops": 1.9166920704e+17,
    "config": {
      "hidden_size": 384,
      "num_layers": 8,
      "lr": 0.03,
      "steps": 4062,
      "batch_tokens": 524288
    },
    "status": "ok",
    "elapsed": 647.9754991531372,
    "val_losses": [
      2.4531,
      2.0312,
      1.8828,
      1.8203,
      1.7734,
      1.75,
      1.7344,
      1.7109,
      1.7031,
      1.6562
    ],
    "move_accs": [
      0.3233,
      0.3884,
      0.4237,
      0.4368,
      0.4493,
      0.4549,
      0.4584,
      0.4641,
      0.467,
      0.4813
    ],
    "final_val_loss": 1.6562,
    "final_move_acc": 0.4813,
    "final_train_loss": 1.6621,
    "throughput_tps": 13880.0,
    "params": "15.07M"
  },
  "scale_3e17_40M": {
    "compute_budget": "3e17",
    "model_size": "40M",
    "target_tokens": 1300000000.0,
    "actual_tokens": 1299709952,
    "flops": 3.1193038848e+17,
    "config": {
      "hidden_size": 512,
      "num_layers": 12,
      "lr": 0.029336,
      "steps": 2479,
      "batch_tokens": 524288
    },
    "status": "ok",
    "elapsed": 812.6989893913269,
    "val_losses": [
      2.9844,
      2.1719,
      1.9531,
      1.8438,
      1.7734,
      1.7422,
      1.7188,
      1.6953,
      1.6797,
      1.625
    ],
    "move_accs": [
      0.2671,
      0.3643,
      0.4093,
      0.4347,
      0.4485,
      0.4563,
      0.4615,
      0.4681,
      0.4742,
      0.4885
    ],
    "final_val_loss": 1.625,
    "final_move_acc": 0.4885,
    "final_train_loss": 1.625,
    "throughput_tps": 32910.0,
    "params": "38.97M"
  },
  "scale_3e17_100M": {
    "compute_budget": "3e17",
    "model_size": "100M",
    "target_tokens": 530000000.0,
    "actual_tokens": 529530880,
    "flops": 3.17718528e+17,
    "config": {
      "hidden_size": 768,
      "num_layers": 12,
      "lr": 0.018554,
      "steps": 1010,
      "batch_tokens": 524288
    },
    "status": "ok",
    "elapsed": 638.3805973529816,
    "val_losses": [
      10.9375,
      4.3125,
      3.1719,
      2.6875,
      2.3906,
      2.2188,
      2.0938,
      2.0,
      1.9453,
      1.8438
    ],
    "move_accs": [
      0.0468,
      0.1694,
      0.2552,
      0.2969,
      0.3344,
      0.3601,
      0.3816,
      0.3989,
      0.4103,
      0.4332
    ],
    "final_val_loss": 1.8438,
    "final_move_acc": 0.4332,
    "final_train_loss": 1.8457,
    "throughput_tps": 881920.0,
    "params": "86.76M"
  },
  "scale_3e17_250M": {
    "compute_budget": "3e17",
    "model_size": "250M",
    "target_tokens": 200000000.0,
    "actual_tokens": 199753728,
    "flops": 2.99630592e+17,
    "config": {
      "hidden_size": 1024,
      "num_layers": 16,
      "lr": 0.011735,
      "steps": 762,
      "batch_tokens": 262144
    },
    "status": "ok",
    "elapsed": 613.8075151443481,
    "val_losses": [
      27.5,
      9.375,
      5.5625,
      3.9844,
      3.3438,
      2.9531,
      2.7344,
      2.5469,
      2.4219,
      2.2188
    ],
    "move_accs": [
      0.0148,
      0.0706,
      0.1457,
      0.2122,
      0.2329,
      0.2666,
      0.2867,
      0.3101,
      0.3259,
      0.3665
    ],
    "final_val_loss": 2.2188,
    "final_move_acc": 0.3665,
    "final_train_loss": 2.2227,
    "throughput_tps": 369920.0,
    "params": "203.77M"
  },
  "scale_1e18_40M": {
    "compute_budget": "1e18",
    "model_size": "40M",
    "target_tokens": 2130000000.0,
    "actual_tokens": 2129657856,
    "flops": 5.1111788544e+17,
    "config": {
      "hidden_size": 512,
      "num_layers": 12,
      "lr": 0.029336,
      "steps": 4062,
      "batch_tokens": 524288
    },
    "status": "ok",
    "elapsed": 1331.8313336372375,
    "val_losses": [
      2.3281,
      1.8984,
      1.7812,
      1.7188,
      1.6797,
      1.6562,
      1.6406,
      1.625,
      1.6172,
      1.5703
    ],
    "move_accs": [
      0.3385,
      0.4193,
      0.4477,
      0.4631,
      0.4716,
      0.4796,
      0.4842,
      0.4884,
      0.4906,
      0.5037
    ],
    "final_val_loss": 1.5703,
    "final_move_acc": 0.5037,
    "final_train_loss": 1.5752,
    "throughput_tps": 19810.0,
    "params": "38.97M"
  },
  "scale_1e18_100M": {
    "compute_budget": "1e18",
    "model_size": "100M",
    "target_tokens": 1670000000.0,
    "actual_tokens": 1669857280,
    "flops": 1.001914368e+18,
    "config": {
      "hidden_size": 768,
      "num_layers": 12,
      "lr": 0.018554,
      "steps": 3185,
      "batch_tokens": 524288
    },
    "status": "ok",
    "elapsed": 1943.1713514328003,