{
  "n_samples": 15000,
  "hidden_dim": 1024,
  "final_val_loss": 0.1006508469581604,
  "final_correlation": 0.08272742480039597
}